1,PK,Matt Bryant,ATL,14,4,0,2,0,
1,PK,Josh Brown,NYG,14,4,0,2,0,
1,PK,Brandon McManus,DEN,13,4,0,1,0,
1,PK,Zach Hocker,NO,13,4,0,1,0,
1,PK,Robbie Gould,CHI,11,3,0,2,0,
1,PK,Steven Hauschka,SEA,11,3,0,2,0,
1,PK,Greg Zuerlein,LA,10,2,0,4,0,
1,PK,Dan Carpenter,BUF,9,2,0,3,0,
1,PK,Dan Bailey,DAL,9,2,0,3,0,
1,PK,Cairo Santos,KC,9,2,1,3,0,
1,PK,Mike Nugent,CIN,9,2,0,3,1,
1,PK,Josh Lambo,SD,9,2,0,3,1,
1,PK,Phil Dawson,SF,8,2,1,2,0,
1,PK,Graham Gano,CAR,8,2,2,2,0,
1,PK,Nick Folk,NYJ,7,1,0,4,0,
1,PK,Josh Scobee,PIT,7,2,2,1,0,
1,PK,Mason Crosby,GB,7,1,0,4,0,
1,PK,Justin Tucker,BAL,7,2,0,1,0,
1,PK,Chandler Catanzaro,ARI,7,1,0,4,0,
1,PK,Ryan Succop,TEN,6,0,0,6,0,
1,PK,Cody Parkey,PHI,6,1,1,3,0,
1,PK,Randy Bullock,HOU,6,2,0,0,1,
1,PK,Andrew Franks,MIA,5,1,0,2,0,
1,PK,Stephen Gostkowski,NE,4,0,0,4,0,
1,PK,Matt Prater,DET,4,0,0,4,0,
1,PK,Travis Coons,CLE,4,1,0,1,0,
1,PK,Kai Forbath,WAS,4,1,1,1,0,
1,PK,Blair Walsh,MIN,3,1,1,0,0,
1,PK,Jason Myers,JAC,3,1,1,0,1,
1,PK,Kyle Brindza,TB,2,0,0,2,0,
1,PK,Sebastian Janikowski,OAK,1,0,0,1,0,
1,PK,Adam Vinatieri,IND,0,0,1,0,0,
1,PK,Jordan Gay,BUF,0,0,0,0,0,
2,PK,Stephen Gostkowski,NE,16,4,0,4,0,
2,PK,Justin Tucker,BAL,15,4,0,3,0,
2,PK,Kyle Brindza,TB,14,4,1,2,0,
2,PK,Sebastian Janikowski,OAK,13,3,0,4,0,
2,PK,Mason Crosby,GB,13,4,0,1,0,
2,PK,Robbie Gould,CHI,11,3,0,2,0,
2,PK,Jason Myers,JAC,11,3,0,2,0,
2,PK,Blair Walsh,MIN,8,2,0,2,1,
2,PK,Nick Folk,NYJ,8,2,1,2,0,
2,PK,Josh Brown,NYG,8,2,0,2,0,
2,PK,Dan Bailey,DAL,8,2,0,2,0,
2,PK,Andrew Franks,MIA,8,2,1,2,0,
2,PK,Brandon McManus,DEN,7,1,0,4,0,
2,PK,Josh Lambo,SD,7,2,1,1,0,
2,PK,Cairo Santos,KC,6,1,0,3,0,
2,PK,Dustin Hopkins,WAS,6,1,0,3,0,
2,PK,Mike Nugent,CIN,6,1,1,3,0,
2,PK,Graham Gano,CAR,6,1,1,3,0,
2,PK,Chandler Catanzaro,ARI,6,0,0,6,1,
2,PK,Matt Bryant,ATL,6,1,0,3,0,
2,PK,Steven Hauschka,SEA,5,1,0,2,0,
2,PK,Randy Bullock,HOU,5,1,0,2,0,
2,PK,Cody Parkey,PHI,4,1,0,1,0,
2,PK,Travis Coons,CLE,4,0,0,4,0,
2,PK,Matt Prater,DET,4,1,0,1,0,
2,PK,Greg Zuerlein,LA,4,1,0,1,0,
2,PK,Phil Dawson,SF,4,1,0,1,0,
2,PK,Josh Scobee,PIT,3,0,0,3,1,
2,PK,Dan Carpenter,BUF,2,0,0,2,1,
2,PK,Ryan Succop,TEN,2,0,0,2,0,
2,PK,Zach Hocker,NO,1,0,1,1,1,
2,PK,Adam Vinatieri,IND,1,0,1,1,0,
2,PK,Jordan Gay,BUF,0,0,0,0,0,
3,PK,Stephen Gostkowski,NE,15,3,0,6,0,
3,PK,Steven Hauschka,SEA,14,4,0,2,0,
3,PK,Josh Brown,NYG,12,3,0,3,0,
3,PK,Dan Carpenter,BUF,11,2,1,5,0,
3,PK,Ryan Succop,TEN,9,2,0,3,0,
3,PK,Sebastian Janikowski,OAK,9,2,0,3,0,
3,PK,Chandler Catanzaro,ARI,9,1,0,6,0,
3,PK,Graham Gano,CAR,9,2,0,3,0,
3,PK,Travis Coons,CLE,8,2,0,2,0,
3,PK,Mason Crosby,GB,8,1,0,5,0,
3,PK,Blair Walsh,MIN,7,1,0,4,0,
3,PK,Randy Bullock,HOU,7,2,1,1,1,
3,PK,Dustin Hopkins,WAS,7,2,0,1,0,
3,PK,Matt Bryant,ATL,7,1,0,4,0,
3,PK,Cody Parkey,PHI,6,1,0,3,0,
3,PK,Josh Scobee,PIT,6,2,0,0,0,
3,PK,Justin Tucker,BAL,6,1,1,3,0,
3,PK,Brandon McManus,DEN,6,1,0,3,0,
3,PK,Greg Zuerlein,LA,6,2,0,0,0,
3,PK,Adam Vinatieri,IND,5,0,0,5,0,
3,PK,Jason Myers,JAC,5,1,0,2,0,
3,PK,Nick Folk,NYJ,5,1,0,2,0,
3,PK,Dan Bailey,DAL,4,0,0,4,0,
3,PK,Mike Nugent,CIN,4,0,0,4,0,
3,PK,Zach Hocker,NO,4,1,0,1,0,
3,PK,Kyle Brindza,TB,3,1,3,0,1,
3,PK,Cairo Santos,KC,2,0,0,2,0,
3,PK,Josh Lambo,SD,2,0,0,2,0,
3,PK,Phil Dawson,SF,1,0,0,1,0,
3,PK,Robbie Gould,CHI,0,0,0,0,0,
3,PK,Andrew Franks,MIA,0,0,0,0,1,
3,PK,Matt Prater,DET,0,0,0,0,1,
3,PK,Jordan Gay,BUF,0,0,0,0,0,
4,PK,Cairo Santos,KC,21,7,0,0,0,
4,PK,Chandler Catanzaro,ARI,16,5,0,1,0,
4,PK,Travis Coons,CLE,13,4,0,1,0,
4,PK,Graham Gano,CAR,13,3,0,4,0,
4,PK,Josh Lambo,SD,12,3,0,3,0,
4,PK,Brandon McManus,DEN,11,3,0,2,0,
4,PK,Dustin Hopkins,WAS,11,3,0,2,0,
4,PK,Justin Tucker,BAL,11,3,0,2,0,
4,PK,Robbie Gould,CHI,10,3,0,1,1,
4,PK,Adam Vinatieri,IND,10,3,0,1,0,
4,PK,Nick Folk,NYJ,9,2,1,3,0,
4,PK,Josh Scobee,PIT,8,2,2,2,0,
4,PK,Zach Hocker,NO,8,2,1,2,0,
4,PK,Sebastian Janikowski,OAK,8,2,0,2,0,
4,PK,Blair Walsh,MIN,8,2,1,2,0,
4,PK,Dan Bailey,DAL,8,2,0,2,0,
4,PK,Steven Hauschka,SEA,7,2,0,1,0,
4,PK,Jason Myers,JAC,7,2,2,1,0,
4,PK,Matt Bryant,ATL,6,0,0,6,0,
4,PK,Greg Zuerlein,LA,6,1,0,3,0,
4,PK,Kyle Brindza,TB,5,1,2,2,1,
4,PK,Mason Crosby,GB,5,1,1,2,0,
4,PK,Mike Nugent,CIN,4,0,1,4,0,
4,PK,Josh Brown,NYG,4,1,0,1,1,
4,PK,Matt Prater,DET,4,1,0,1,0,
4,PK,Dan Carpenter,BUF,4,1,1,1,0,
4,PK,Phil Dawson,SF,3,1,0,0,0,
4,PK,Nick Novak,HOU,3,0,1,3,0,
4,PK,Andrew Franks,MIA,2,0,0,2,0,
4,PK,Caleb Sturgis,PHI,2,0,1,2,1,
4,PK,Jordan Gay,BUF,0,0,0,0,0,
5,PK,Caleb Sturgis,PHI,15,4,0,3,1,
5,PK,Travis Coons,CLE,13,4,0,1,0,
5,PK,Connor Barth,TB,12,3,0,3,0,
5,PK,Josh Brown,NYG,12,3,0,3,0,
5,PK,Stephen Gostkowski,NE,12,3,0,3,0,
5,PK,Brandon McManus,DEN,10,3,0,1,0,
5,PK,Adam Vinatieri,IND,9,2,0,3,0,
5,PK,Mike Nugent,CIN,9,2,0,3,0,
5,PK,Phil Dawson,SF,9,2,0,3,0,
5,PK,Josh Lambo,SD,8,2,1,2,0,
5,PK,Nick Novak,HOU,8,2,0,2,0,
5,PK,Matt Bryant,ATL,7,2,2,1,0,
5,PK,Ryan Succop,TEN,7,2,0,1,0,
5,PK,Dustin Hopkins,WAS,7,2,1,1,0,
5,PK,Jason Myers,JAC,7,1,0,4,0,
5,PK,Dan Bailey,DAL,6,2,0,0,0,
5,PK,Justin Tucker,BAL,6,1,1,3,0,
5,PK,Robbie Gould,CHI,6,2,0,0,0,
5,PK,Steven Hauschka,SEA,6,1,0,3,0,
5,PK,Chandler Catanzaro,ARI,6,0,0,6,0,
5,PK,Chris Boswell,PIT,6,1,0,3,0,
5,PK,Mason Crosby,GB,6,1,0,3,0,
5,PK,Matt Prater,DET,5,1,0,2,0,
5,PK,Zach Hocker,NO,5,1,0,2,0,
5,PK,Cairo Santos,KC,5,1,2,2,0,
5,PK,Sebastian Janikowski,OAK,4,1,2,1,0,
5,PK,Greg Zuerlein,LA,4,1,3,1,0,
5,PK,Dan Carpenter,BUF,2,0,0,2,0,
5,PK,Billy Cundiff,BUF,0,0,0,0,0,
6,PK,Brandon McManus,DEN,14,4,1,2,0,
6,PK,Robbie Gould,CHI,14,4,0,2,0,
6,PK,Matt Prater,DET,13,3,0,4,0,
6,PK,Chris Boswell,PIT,13,4,0,1,0,
6,PK,Phil Dawson,SF,13,4,0,1,0,
6,PK,Steven Hauschka,SEA,11,3,0,2,0,
6,PK,Mike Nugent,CIN,10,2,0,4,0,
6,PK,Nick Folk,NYJ,10,2,1,4,0,
6,PK,Stephen Gostkowski,NE,10,2,0,4,0,
6,PK,Blair Walsh,MIN,10,3,0,1,0,
6,PK,Caleb Sturgis,PHI,9,2,0,3,0,
6,PK,Mason Crosby,GB,9,2,0,3,0,
6,PK,Josh Lambo,SD,8,2,0,2,0,
6,PK,Justin Tucker,BAL,8,2,1,2,0,
6,PK,Andrew Franks,MIA,8,1,0,5,0,
6,PK,Dustin Hopkins,WAS,8,2,0,2,0,
6,PK,Zach Hocker,NO,7,1,2,4,0,
6,PK,Chandler Catanzaro,ARI,7,2,1,1,0,
6,PK,Nick Novak,HOU,7,1,0,4,0,
6,PK,Travis Coons,CLE,5,1,0,2,0,
6,PK,Ryan Succop,TEN,4,1,0,1,0,
6,PK,Cairo Santos,KC,4,1,0,1,0,
6,PK,Graham Gano,CAR,3,0,0,3,1,
6,PK,Dan Carpenter,BUF,3,0,0,3,0,
6,PK,Matt Bryant,ATL,3,0,0,3,0,
6,PK,Adam Vinatieri,IND,3,0,0,3,1,
6,PK,Jason Myers,JAC,2,0,0,2,1,
6,PK,Josh Brown,NYG,1,0,0,1,0,
7,PK,Blair Walsh,MIN,16,5,0,1,1,
7,PK,Sebastian Janikowski,OAK,13,3,0,4,0,
7,PK,Stephen Gostkowski,NE,12,3,0,3,0,
7,PK,Connor Barth,TB,12,3,0,3,0,
7,PK,Dan Carpenter,BUF,11,3,0,2,0,
7,PK,Nick Folk,NYJ,11,3,0,2,0,
7,PK,Cairo Santos,KC,11,3,1,2,0,
7,PK,Caleb Sturgis,PHI,10,3,1,1,0,
7,PK,Graham Gano,CAR,9,2,0,3,0,
7,PK,Josh Brown,NYG,9,2,0,3,0,
7,PK,Steven Hauschka,SEA,8,2,0,2,0,
7,PK,Dan Bailey,DAL,8,2,0,2,0,
7,PK,Chandler Catanzaro,ARI,8,2,1,2,1,
7,PK,Andrew Franks,MIA,8,1,0,5,1,
7,PK,Dustin Hopkins,WAS,7,1,0,4,0,
7,PK,Chris Boswell,PIT,7,2,0,1,0,
7,PK,Josh Lambo,SD,7,2,0,1,0,
7,PK,Travis Coons,CLE,6,2,0,0,0,
7,PK,Greg Zuerlein,LA,6,1,2,3,0,
7,PK,Matt Prater,DET,5,1,0,2,0,
7,PK,Matt Bryant,ATL,4,1,1,1,0,
7,PK,Jason Myers,JAC,4,0,0,4,1,
7,PK,Justin Tucker,BAL,4,1,0,1,0,
7,PK,Adam Vinatieri,IND,3,0,0,3,0,
7,PK,Phil Dawson,SF,3,1,0,0,0,
7,PK,Kai Forbath,NO,3,0,0,3,1,
7,PK,Nick Novak,HOU,2,0,0,2,1,
7,PK,Ryan Succop,TEN,1,0,0,1,0,
7,PK,Jordan Gay,BUF,0,0,0,0,0,
8,PK,Justin Tucker,BAL,17,5,0,2,0,
8,PK,Adam Vinatieri,IND,14,4,0,2,0,
8,PK,Dan Bailey,DAL,12,4,0,0,0,
8,PK,Connor Barth,TB,11,3,0,2,0,
8,PK,Graham Gano,CAR,11,3,0,2,1,
8,PK,Blair Walsh,MIN,11,3,0,2,0,
8,PK,Stephen Gostkowski,NE,10,2,0,4,0,
8,PK,Kai Forbath,NO,10,1,0,7,0,
8,PK,Chandler Catanzaro,ARI,10,2,0,4,0,
8,PK,Sebastian Janikowski,OAK,10,2,1,4,0,
8,PK,Mike Nugent,CIN,10,3,1,1,0,
8,PK,Cairo Santos,KC,9,1,0,6,0,
8,PK,Brandon McManus,DEN,9,2,0,3,0,
8,PK,Josh Lambo,SD,8,2,0,2,1,
8,PK,Nick Novak,HOU,8,2,0,2,0,
8,PK,Matt Bryant,ATL,8,2,0,2,0,
8,PK,Nick Folk,NYJ,8,2,0,2,0,
8,PK,Robbie Gould,CHI,8,2,1,2,0,
8,PK,Steven Hauschka,SEA,7,2,1,1,0,
8,PK,Josh Brown,NYG,7,0,0,7,0,
8,PK,Phil Dawson,SF,6,2,0,0,0,
8,PK,Ryan Succop,TEN,6,2,0,0,0,
8,PK,Greg Zuerlein,LA,5,1,1,2,0,
8,PK,Mason Crosby,GB,4,1,0,1,0,
8,PK,Chris Boswell,PIT,4,1,0,1,0,
8,PK,Matt Prater,DET,4,1,0,1,0,
8,PK,Travis Coons,CLE,2,0,0,2,1,
8,PK,Andrew Franks,MIA,1,0,1,1,0,
9,PK,Josh Brown,NYG,14,4,0,2,0,
9,PK,Graham Gano,CAR,13,3,1,4,0,
9,PK,Connor Barth,TB,12,4,1,0,0,
9,PK,Greg Zuerlein,LA,12,4,1,0,0,
9,PK,Chris Boswell,PIT,12,3,1,3,0,
9,PK,Jason Myers,JAC,11,3,0,2,0,
9,PK,Matt Bryant,ATL,10,3,0,1,0,
9,PK,Adam Vinatieri,IND,9,2,0,3,0,
9,PK,Dan Bailey,DAL,9,2,0,3,0,
9,PK,Caleb Sturgis,PHI,9,2,0,3,0,
9,PK,Stephen Gostkowski,NE,9,2,0,3,0,
9,PK,Ryan Succop,TEN,8,2,1,2,0,
9,PK,Mike Nugent,CIN,7,1,0,4,0,
9,PK,Dan Carpenter,BUF,7,1,0,4,0,
9,PK,Josh Lambo,SD,7,2,0,1,1,
9,PK,Blair Walsh,MIN,7,2,0,1,0,
9,PK,Brandon McManus,DEN,6,1,0,3,0,
9,PK,Sebastian Janikowski,OAK,5,0,0,5,0,
9,PK,Phil Dawson,SF,5,1,0,2,0,
9,PK,Andrew Franks,MIA,5,1,0,2,0,
9,PK,Dustin Hopkins,WAS,4,1,0,1,0,
9,PK,Travis Coons,CLE,4,1,0,1,0,
9,PK,Kai Forbath,NO,4,0,1,4,0,
9,PK,Mason Crosby,GB,3,0,0,3,0,
9,PK,Robbie Gould,CHI,2,0,2,2,0,
9,PK,Jordan Gay,BUF,0,0,0,0,0,
9,PK,Nick Folk,NYJ,0,0,0,0,0,
10,PK,Cairo Santos,KC,17,5,1,2,0,
10,PK,Dustin Hopkins,WAS,17,4,0,5,0,
10,PK,Josh Brown,NYG,14,4,0,2,0,
10,PK,Robbie Gould,CHI,13,3,0,4,0,
10,PK,Chandler Catanzaro,ARI,13,3,0,4,0,
10,PK,Blair Walsh,MIN,12,3,2,3,0,
10,PK,Jason Myers,JAC,10,3,1,1,0,
10,PK,Dan Carpenter,BUF,10,3,0,1,1,
10,PK,Chris Boswell,PIT,10,3,0,1,1,
10,PK,Stephen Gostkowski,NE,9,2,0,3,0,
10,PK,Graham Gano,CAR,9,2,0,3,0,
10,PK,Andrew Franks,MIA,8,2,0,2,0,
10,PK,Steven Hauschka,SEA,8,2,0,2,0,
10,PK,Greg Zuerlein,LA,7,2,0,1,0,
10,PK,Mike Nugent,CIN,6,2,0,0,0,
10,PK,Matt Prater,DET,6,2,0,0,2,
10,PK,Dan Bailey,DAL,6,2,1,0,0,
10,PK,Randy Bullock,NYJ,5,1,0,2,0,
10,PK,Caleb Sturgis,PHI,5,1,1,2,0,
10,PK,Connor Barth,TB,4,1,1,1,0,
10,PK,Ryan Succop,TEN,4,1,0,1,0,
10,PK,Nick Novak,HOU,4,1,0,1,0,
10,PK,Mason Crosby,GB,4,1,1,1,0,
10,PK,Travis Coons,CLE,3,1,0,0,1,
10,PK,Kai Forbath,NO,2,0,0,2,0,
10,PK,Sebastian Janikowski,OAK,2,0,0,2,0,
10,PK,Justin Tucker,BAL,2,0,1,2,0,
10,PK,Brandon McManus,DEN,1,0,0,1,0,
10,PK,Jordan Gay,BUF,0,0,0,0,0,
11,PK,Mason Crosby,GB,16,5,0,1,0,
11,PK,Graham Gano,CAR,14,3,0,5,0,
11,PK,Jason Myers,JAC,13,4,0,1,0,
11,PK,Justin Tucker,BAL,10,3,2,1,0,
11,PK,Matt Prater,DET,10,3,0,1,0,
11,PK,Chandler Catanzaro,ARI,10,2,0,4,0,
11,PK,Cairo Santos,KC,9,2,0,3,1,
11,PK,Connor Barth,TB,9,1,0,6,0,
11,PK,Robbie Gould,CHI,9,3,0,0,0,
11,PK,Stephen Gostkowski,NE,8,2,1,2,0,
11,PK,Phil Dawson,SF,7,2,0,1,0,
11,PK,Mike Nugent,CIN,7,1,0,4,0,
11,PK,Dan Carpenter,BUF,7,2,1,1,0,
11,PK,Ryan Succop,TEN,7,2,1,1,0,
11,PK,Sebastian Janikowski,OAK,7,2,0,1,0,
11,PK,Dan Bailey,DAL,6,1,0,3,0,
11,PK,Nick Novak,HOU,6,1,0,3,0,
11,PK,Adam Vinatieri,IND,6,1,0,3,0,
11,PK,Randy Bullock,NYJ,5,1,0,2,0,
11,PK,Caleb Sturgis,PHI,5,1,0,2,0,
11,PK,Brandon McManus,DEN,5,1,0,2,0,
11,PK,Steven Hauschka,SEA,5,1,0,2,2,
11,PK,Matt Bryant,ATL,3,0,1,3,0,
11,PK,Josh Lambo,SD,3,1,0,0,0,
11,PK,Dustin Hopkins,WAS,2,0,0,2,0,
11,PK,Andrew Franks,MIA,2,0,0,2,0,
11,PK,Greg Zuerlein,LA,1,0,1,1,1,
11,PK,Blair Walsh,MIN,1,0,0,1,1,
11,PK,Jordan Gay,BUF,0,0,0,0,0,
12,PK,Graham Gano,CAR,15,4,1,3,0,
12,PK,Adam Vinatieri,IND,13,4,0,1,1,
12,PK,Jason Myers,JAC,13,4,0,1,1,
12,PK,Cairo Santos,KC,12,3,1,3,0,
12,PK,Chris Boswell,PIT,10,3,0,1,0,
12,PK,Travis Coons,CLE,9,2,1,3,0,
12,PK,Justin Tucker,BAL,9,2,0,3,0,
12,PK,Matt Prater,DET,9,1,0,6,0,
12,PK,Randy Bullock,NYJ,8,1,0,5,0,
12,PK,Blair Walsh,MIN,8,2,1,2,0,
12,PK,Dustin Hopkins,WAS,8,2,1,2,0,
12,PK,Mason Crosby,GB,7,2,0,1,0,
12,PK,Mike Nugent,CIN,7,1,0,4,0,
12,PK,Chandler Catanzaro,ARI,7,2,0,1,1,
12,PK,Josh Lambo,SD,7,1,0,4,0,
12,PK,Phil Dawson,SF,7,2,0,1,0,
12,PK,Stephen Gostkowski,NE,6,1,0,3,0,
12,PK,Kai Forbath,NO,6,2,0,0,0,
12,PK,Dan Bailey,DAL,6,2,0,0,0,
12,PK,Connor Barth,TB,6,2,1,0,1,
12,PK,Sebastian Janikowski,OAK,6,1,0,3,0,
12,PK,Brandon McManus,DEN,6,1,1,3,0,
12,PK,Nick Novak,HOU,6,1,0,3,0,
12,PK,Robbie Gould,CHI,5,1,0,2,0,
12,PK,Dan Carpenter,BUF,4,1,0,1,1,
12,PK,Shayne Graham,ATL,4,1,0,1,0,
12,PK,Steven Hauschka,SEA,3,0,0,3,1,
12,PK,Caleb Sturgis,PHI,2,0,1,2,0,
12,PK,Andrew Franks,MIA,2,0,0,2,1,
12,PK,Josh Brown,NYG,2,0,0,2,0,
12,PK,Ryan Succop,TEN,1,0,0,1,1,
12,PK,Zach Hocker,LA,1,0,0,1,0,
12,PK,Jordan Gay,BUF,0,0,0,0,0,
13,PK,Mike Nugent,CIN,13,3,0,4,0,
13,PK,Chris Boswell,PIT,13,3,1,4,0,
13,PK,Dan Bailey,DAL,13,4,0,1,0,
13,PK,Shayne Graham,ATL,13,4,0,1,0,
13,PK,Matt Prater,DET,11,3,0,2,0,
13,PK,Randy Bullock,NYJ,11,3,0,2,0,
13,PK,Dustin Hopkins,WAS,10,3,1,1,0,
13,PK,Chandler Catanzaro,ARI,9,2,0,3,0,
13,PK,Steven Hauschka,SEA,8,1,0,5,0,
13,PK,Robbie Gould,CHI,8,2,2,2,0,
13,PK,Josh Brown,NYG,8,2,1,2,0,
13,PK,Justin Tucker,BAL,7,2,1,1,0,
13,PK,Ryan Succop,TEN,6,0,0,6,0,
13,PK,Dan Carpenter,BUF,6,1,1,3,1,
13,PK,Connor Barth,TB,5,1,0,2,0,
13,PK,Brandon McManus,DEN,5,1,1,2,0,
13,PK,Caleb Sturgis,PHI,5,0,0,5,0,
13,PK,Graham Gano,CAR,5,0,0,5,1,
13,PK,Stephen Gostkowski,NE,4,0,0,4,0,
13,PK,Kai Forbath,NO,4,0,1,4,0,
13,PK,Adam Vinatieri,IND,4,1,0,1,0,
13,PK,Mason Crosby,GB,3,0,1,3,0,
13,PK,Jason Myers,JAC,3,0,0,3,2,
13,PK,Zach Hocker,LA,3,1,0,0,0,
13,PK,Travis Coons,CLE,3,1,1,0,0,
13,PK,Josh Lambo,SD,3,1,1,0,0,
13,PK,Sebastian Janikowski,OAK,2,0,1,2,1,
13,PK,Cairo Santos,KC,2,0,0,2,1,
13,PK,Phil Dawson,SF,2,0,0,2,1,
13,PK,Andrew Franks,MIA,1,0,0,1,0,
13,PK,Blair Walsh,MIN,1,0,0,1,0,
13,PK,Nick Novak,HOU,1,0,0,1,1,
13,PK,Jordan Gay,BUF,0,0,0,0,0,
14,PK,Chris Boswell,PIT,15,4,0,3,0,
14,PK,Brandon McManus,DEN,12,4,1,0,0,
14,PK,Randy Bullock,NYJ,12,3,1,3,0,
14,PK,Chandler Catanzaro,ARI,11,3,0,2,0,
14,PK,Caleb Sturgis,PHI,11,3,0,2,0,
14,PK,Adam Vinatieri,IND,10,3,0,1,0,
14,PK,Stephen Gostkowski,NE,9,2,0,3,0,
14,PK,Jason Myers,JAC,9,1,0,6,1,
14,PK,Graham Gano,CAR,8,1,0,5,0,
14,PK,Blair Walsh,MIN,8,2,0,2,0,
14,PK,Mike Nugent,CIN,8,2,1,2,0,
14,PK,Dan Carpenter,BUF,8,2,0,2,0,
14,PK,Josh Brown,NYG,7,1,1,4,0,
14,PK,Dustin Hopkins,WAS,6,1,0,3,0,
14,PK,Travis Coons,CLE,6,1,1,3,0,
14,PK,Kai Forbath,NO,6,1,0,3,0,
14,PK,Nick Novak,HOU,6,2,0,0,0,
14,PK,Andrew Franks,MIA,6,1,0,3,0,
14,PK,Justin Tucker,BAL,6,2,0,0,0,
14,PK,Steven Hauschka,SEA,5,0,0,5,0,
14,PK,Connor Barth,TB,5,1,1,2,0,
14,PK,Mason Crosby,GB,4,0,0,4,0,
14,PK,Phil Dawson,SF,4,1,0,1,0,
14,PK,Cairo Santos,KC,4,1,1,1,0,
14,PK,Greg Zuerlein,LA,3,0,0,3,0,
14,PK,Josh Lambo,SD,3,1,1,0,0,
14,PK,Robbie Gould,CHI,3,0,1,3,0,
14,PK,Matt Prater,DET,2,0,0,2,0,
14,PK,Sebastian Janikowski,OAK,1,0,1,1,0,
14,PK,Dan Bailey,DAL,1,0,0,1,0,
14,PK,Jordan Gay,BUF,0,0,0,0,0,
14,PK,Ryan Succop,TEN,0,0,0,0,0,
14,PK,Matt Bryant,ATL,0,0,0,0,0,
15,PK,Stephen Gostkowski,NE,15,4,1,3,0,
15,PK,Steven Hauschka,SEA,12,3,0,3,0,
15,PK,Mason Crosby,GB,12,3,1,3,0,
15,PK,Connor Barth,TB,11,3,0,2,0,
15,PK,Shayne Graham,ATL,11,3,0,2,0,
15,PK,Dan Bailey,DAL,10,3,0,1,0,
15,PK,Chris Boswell,PIT,10,2,0,4,0,
15,PK,Cairo Santos,KC,10,2,0,4,0,
15,PK,Nick Novak,HOU,10,3,1,1,0,
15,PK,Chandler Catanzaro,ARI,10,2,0,4,1,
15,PK,Kai Forbath,NO,9,2,0,3,0,
15,PK,Sebastian Janikowski,OAK,8,2,0,2,0,
15,PK,Graham Gano,CAR,8,1,1,5,0,
15,PK,Blair Walsh,MIN,8,1,0,5,0,
15,PK,Greg Zuerlein,LA,7,1,0,4,0,
15,PK,Randy Bullock,NYJ,7,2,1,1,1,
15,PK,Travis Coons,CLE,7,2,0,1,0,
15,PK,Mike Nugent,CIN,6,1,0,3,0,
15,PK,Josh Lambo,SD,6,1,1,3,1,
15,PK,Dustin Hopkins,WAS,5,0,0,5,0,
15,PK,Robbie Gould,CHI,5,1,0,2,0,
15,PK,Caleb Sturgis,PHI,5,1,0,2,0,
15,PK,Jason Myers,JAC,5,1,0,2,0,
15,PK,Matt Prater,DET,5,0,1,5,0,
15,PK,Josh Brown,NYG,5,0,0,5,0,
15,PK,Dan Carpenter,BUF,5,1,0,2,0,
15,PK,Adam Vinatieri,IND,4,1,0,1,0,
15,PK,Ryan Succop,TEN,4,1,0,1,1,
15,PK,Brandon McManus,DEN,3,0,0,3,1,
15,PK,Phil Dawson,SF,2,0,1,2,0,
15,PK,Andrew Franks,MIA,2,0,0,2,0,
15,PK,Justin Tucker,BAL,2,0,0,2,0,
15,PK,Jordan Gay,BUF,0,0,0,0,0,
16,PK,Blair Walsh,MIN,19,5,0,4,1,
16,PK,Matt Prater,DET,14,4,0,2,0,
16,PK,Robbie Gould,CHI,14,4,0,2,0,
16,PK,Nick Novak,HOU,10,2,0,4,0,
16,PK,Brandon McManus,DEN,8,2,1,2,0,
16,PK,Shayne Graham,ATL,8,2,1,2,0,
16,PK,Justin Tucker,BAL,8,2,0,2,0,
16,PK,Chandler Catanzaro,ARI,8,1,0,5,0,
16,PK,Kai Forbath,NO,8,1,2,5,0,
16,PK,Randy Bullock,NYJ,8,2,0,2,0,
16,PK,Josh Lambo,SD,8,2,1,2,0,
16,PK,Stephen Gostkowski,NE,8,2,0,2,0,
16,PK,Sebastian Janikowski,OAK,7,2,0,1,0,
16,PK,Graham Gano,CAR,7,2,0,1,0,
16,PK,Travis Coons,CLE,7,2,1,1,0,
16,PK,Caleb Sturgis,PHI,6,1,0,3,0,
16,PK,Andrew Franks,MIA,6,2,0,0,0,
16,PK,Dan Bailey,DAL,6,2,1,0,0,
16,PK,Dustin Hopkins,WAS,6,1,0,3,1,
16,PK,Cairo Santos,KC,5,1,0,2,0,
16,PK,Steven Hauschka,SEA,5,1,0,2,0,
16,PK,Mike Nugent,CIN,5,1,1,2,0,
16,PK,Chris Boswell,PIT,5,1,0,2,0,
16,PK,Josh Brown,NYG,5,1,0,2,0,
16,PK,Greg Zuerlein,LA,5,1,0,2,1,
16,PK,Phil Dawson,SF,5,1,1,2,0,
16,PK,Dan Carpenter,BUF,4,1,0,1,1,
16,PK,Adam Vinatieri,IND,4,1,0,1,1,
16,PK,Connor Barth,TB,3,0,1,3,0,
16,PK,Jason Myers,JAC,1,0,0,1,0,
16,PK,Jordan Gay,BUF,0,0,0,0,0,
16,PK,Ryan Succop,TEN,0,0,0,0,0,
16,PK,Mason Crosby,GB,0,0,0,0,0,
17,PK,Phil Dawson,SF,13,4,0,1,0,
17,PK,Nick Novak,HOU,12,3,1,3,0,
17,PK,Adam Vinatieri,IND,12,3,0,3,0,
17,PK,Steven Hauschka,SEA,12,3,1,3,1,
17,PK,Josh Brown,NYG,12,3,0,3,0,
17,PK,Travis Coons,CLE,12,4,0,0,0,
17,PK,Justin Tucker,BAL,10,3,0,1,0,
17,PK,Greg Zuerlein,LA,10,3,2,1,0,
17,PK,Dustin Hopkins,WAS,10,2,0,4,0,
17,PK,Dan Carpenter,BUF,10,3,0,1,1,
17,PK,Brandon McManus,DEN,9,2,0,3,0,
17,PK,Blair Walsh,MIN,8,2,0,2,0,
17,PK,Andrew Franks,MIA,8,2,1,2,0,
17,PK,Graham Gano,CAR,8,1,0,5,0,
17,PK,Chris Boswell,PIT,8,2,1,2,0,
17,PK,Robbie Gould,CHI,8,2,0,2,0,
17,PK,Josh Lambo,SD,8,2,0,2,0,
17,PK,Kai Forbath,NO,8,2,0,2,0,
17,PK,Mason Crosby,GB,7,2,0,1,0,
17,PK,Matt Prater,DET,6,1,1,3,0,
17,PK,Mike Nugent,CIN,6,1,0,3,0,
17,PK,Jason Myers,JAC,6,2,0,0,0,
17,PK,Ryan Succop,TEN,6,1,0,3,0,
17,PK,Randy Bullock,NYJ,5,1,1,2,0,
17,PK,Caleb Sturgis,PHI,5,0,0,5,0,
17,PK,Shayne Graham,ATL,5,1,1,2,0,
17,PK,Sebastian Janikowski,OAK,5,1,0,2,0,
17,PK,Stephen Gostkowski,NE,4,1,1,1,0,
17,PK,Connor Barth,TB,4,1,0,1,0,
17,PK,Cairo Santos,KC,3,0,0,3,0,
17,PK,Dan Bailey,DAL,3,0,0,3,0,
17,PK,Jordan Gay,BUF,0,0,0,0,0,
17,PK,Chandler Catanzaro,ARI,0,0,1,0,1,
